-- MySQL Script generated by MySQL Workbench
-- Tue Jun 30 15:30:55 2015
-- Model: New Model    Version: 1.0
-- MySQL Workbench Forward Engineering

SET @OLD_UNIQUE_CHECKS=@@UNIQUE_CHECKS, UNIQUE_CHECKS=0;
SET @OLD_FOREIGN_KEY_CHECKS=@@FOREIGN_KEY_CHECKS, FOREIGN_KEY_CHECKS=0;
SET @OLD_SQL_MODE=@@SQL_MODE, SQL_MODE='TRADITIONAL,ALLOW_INVALID_DATES';

-- -----------------------------------------------------
-- Schema bitsybay
-- -----------------------------------------------------

-- -----------------------------------------------------
-- Schema bitsybay
-- -----------------------------------------------------
CREATE SCHEMA IF NOT EXISTS `bitsybay` DEFAULT CHARACTER SET utf8 COLLATE utf8_general_ci ;
USE `bitsybay` ;

-- -----------------------------------------------------
-- Table `bitsybay`.`user`
-- -----------------------------------------------------
DROP TABLE IF EXISTS `bitsybay`.`user` ;

CREATE TABLE IF NOT EXISTS `bitsybay`.`user` (
  `user_id` INT UNSIGNED NOT NULL AUTO_INCREMENT,
  `file_quota` INT UNSIGNED NOT NULL,
  `status` ENUM('1','0') NOT NULL,
  `buyer` ENUM('1','0') NOT NULL,
  `seller` ENUM('1','0') NOT NULL,
  `verified` ENUM('1','0') NOT NULL,
  `username` VARCHAR(255) NOT NULL,
  `password` VARCHAR(255) NOT NULL,
  `email` VARCHAR(255) NOT NULL,
  `salt` VARCHAR(9) NOT NULL,
  `date_added` DATETIME NOT NULL,
  `date_modified` DATETIME NOT NULL,
  PRIMARY KEY (`user_id`))
ENGINE = InnoDB;


-- -----------------------------------------------------
-- Table `bitsybay`.`license`
-- -----------------------------------------------------
DROP TABLE IF EXISTS `bitsybay`.`license` ;

CREATE TABLE IF NOT EXISTS `bitsybay`.`license` (
  `license_id` INT UNSIGNED NOT NULL AUTO_INCREMENT,
  `user_id` INT UNSIGNED NULL,
  `date_added` DATETIME NOT NULL,
  PRIMARY KEY (`license_id`),
  INDEX `fk_license_user_id` (`user_id` ASC),
  CONSTRAINT `fk_license_user_id`
    FOREIGN KEY (`user_id`)
    REFERENCES `bitsybay`.`user` (`user_id`)
    ON DELETE NO ACTION
    ON UPDATE NO ACTION)
ENGINE = InnoDB;


-- -----------------------------------------------------
-- Table `bitsybay`.`category`
-- -----------------------------------------------------
DROP TABLE IF EXISTS `bitsybay`.`category` ;

CREATE TABLE IF NOT EXISTS `bitsybay`.`category` (
  `category_id` INT UNSIGNED NOT NULL AUTO_INCREMENT,
  `parent_category_id` INT UNSIGNED NULL,
  `sort_order` INT UNSIGNED NOT NULL,
  `alias` VARCHAR(255) NOT NULL,
  PRIMARY KEY (`category_id`),
  INDEX `fk_category_category_id` (`parent_category_id` ASC),
  CONSTRAINT `fk_category_category_id`
    FOREIGN KEY (`parent_category_id`)
    REFERENCES `bitsybay`.`category` (`category_id`)
    ON DELETE NO ACTION
    ON UPDATE NO ACTION)
ENGINE = InnoDB;


-- -----------------------------------------------------
-- Table `bitsybay`.`currency`
-- -----------------------------------------------------
DROP TABLE IF EXISTS `bitsybay`.`currency` ;

CREATE TABLE IF NOT EXISTS `bitsybay`.`currency` (
  `currency_id` INT UNSIGNED NOT NULL AUTO_INCREMENT,
  `rate` DECIMAL(16,8) NOT NULL,
  `name` VARCHAR(45) NOT NULL,
  `code` VARCHAR(45) NOT NULL,
  `symbol` VARCHAR(45) NOT NULL,
  PRIMARY KEY (`currency_id`))
ENGINE = InnoDB;


-- -----------------------------------------------------
-- Table `bitsybay`.`product`
-- -----------------------------------------------------
DROP TABLE IF EXISTS `bitsybay`.`product` ;

CREATE TABLE IF NOT EXISTS `bitsybay`.`product` (
  `product_id` INT UNSIGNED NOT NULL AUTO_INCREMENT,
  `category_id` INT UNSIGNED NOT NULL,
  `currency_id` INT UNSIGNED NOT NULL,
  `license_id` INT UNSIGNED NOT NULL,
  `user_id` INT UNSIGNED NOT NULL,
  `viewed` INT UNSIGNED NOT NULL,
  `regular_price` DECIMAL(16,8) NOT NULL,
  `exclusive_price` DECIMAL(16,8) NOT NULL,
  `status` TINYINT(1) NOT NULL,
  `date_added` DATETIME NOT NULL,
  `date_modified` DATETIME NOT NULL,
  `withdraw_address` VARCHAR(255) NOT NULL,
  `alias` VARCHAR(255) NOT NULL,
  PRIMARY KEY (`product_id`),
  INDEX `fk_product_user_id` (`user_id` ASC),
  INDEX `fk_product_license_id` (`license_id` ASC),
  INDEX `fk_product_category_id` (`category_id` ASC),
  INDEX `fk_product_currency_id` (`currency_id` ASC),
  UNIQUE INDEX `alias_UNIQUE` (`alias` ASC),
  CONSTRAINT `fk_product_user_id`
    FOREIGN KEY (`user_id`)
    REFERENCES `bitsybay`.`user` (`user_id`)
    ON DELETE NO ACTION
    ON UPDATE NO ACTION,
  CONSTRAINT `fk_product_license_id`
    FOREIGN KEY (`license_id`)
    REFERENCES `bitsybay`.`license` (`license_id`)
    ON DELETE NO ACTION
    ON UPDATE NO ACTION,
  CONSTRAINT `fk_product_category_id`
    FOREIGN KEY (`category_id`)
    REFERENCES `bitsybay`.`category` (`category_id`)
    ON DELETE NO ACTION
    ON UPDATE NO ACTION,
  CONSTRAINT `fk_product_currency_id`
    FOREIGN KEY (`currency_id`)
    REFERENCES `bitsybay`.`currency` (`currency_id`)
    ON DELETE NO ACTION
    ON UPDATE NO ACTION)
ENGINE = InnoDB;


-- -----------------------------------------------------
-- Table `bitsybay`.`product_file`
-- -----------------------------------------------------
DROP TABLE IF EXISTS `bitsybay`.`product_file` ;

CREATE TABLE IF NOT EXISTS `bitsybay`.`product_file` (
  `product_file_id` INT UNSIGNED NOT NULL AUTO_INCREMENT,
  `product_id` INT UNSIGNED NOT NULL,
  `date_added` DATETIME NOT NULL,
  `hash_md5` VARCHAR(255) NOT NULL,
  `hash_sha1` VARCHAR(255) NOT NULL,
  PRIMARY KEY (`product_file_id`),
  INDEX `fk_product_file_product_id` (`product_id` ASC),
  CONSTRAINT `fk_product_file_product_id`
    FOREIGN KEY (`product_id`)
    REFERENCES `bitsybay`.`product` (`product_id`)
    ON DELETE NO ACTION
    ON UPDATE NO ACTION)
ENGINE = InnoDB;


-- -----------------------------------------------------
-- Table `bitsybay`.`product_image`
-- -----------------------------------------------------
DROP TABLE IF EXISTS `bitsybay`.`product_image` ;

CREATE TABLE IF NOT EXISTS `bitsybay`.`product_image` (
  `product_image_id` INT UNSIGNED NOT NULL AUTO_INCREMENT,
  `product_id` INT UNSIGNED NOT NULL,
  `sort_order` INT UNSIGNED NOT NULL,
  `main` ENUM('1','0') NOT NULL,
  `watermark` ENUM('1','0') NOT NULL,
  `identicon` ENUM('1','0') NOT NULL,
  PRIMARY KEY (`product_image_id`),
  INDEX `fk_product_image_product_id` (`product_id` ASC),
  CONSTRAINT `fk_product_image_product_id`
    FOREIGN KEY (`product_id`)
    REFERENCES `bitsybay`.`product` (`product_id`)
    ON DELETE NO ACTION
    ON UPDATE NO ACTION)
ENGINE = InnoDB;


-- -----------------------------------------------------
-- Table `bitsybay`.`order_status`
-- -----------------------------------------------------
DROP TABLE IF EXISTS `bitsybay`.`order_status` ;

CREATE TABLE IF NOT EXISTS `bitsybay`.`order_status` (
  `order_status_id` INT UNSIGNED NOT NULL AUTO_INCREMENT,
  PRIMARY KEY (`order_status_id`))
ENGINE = InnoDB;


-- -----------------------------------------------------
-- Table `bitsybay`.`order`
-- -----------------------------------------------------
DROP TABLE IF EXISTS `bitsybay`.`order` ;

CREATE TABLE IF NOT EXISTS `bitsybay`.`order` (
  `order_id` INT UNSIGNED NOT NULL AUTO_INCREMENT,
  `product_id` INT UNSIGNED NULL,
  `user_id` INT UNSIGNED NOT NULL,
  `order_status_id` INT UNSIGNED NOT NULL,
  `currency_id` INT UNSIGNED NOT NULL,
  `amount` DECIMAL(16,8) NOT NULL,
  `license` ENUM('regular','exclusive') NOT NULL,
  `date_added` DATETIME NOT NULL,
  PRIMARY KEY (`order_id`),
  INDEX `fk_order_user_id` (`user_id` ASC),
  INDEX `fk_order_order_status_id` (`order_status_id` ASC),
  INDEX `fk_order_currency_id` (`currency_id` ASC),
  INDEX `fk_order_product_id` (`product_id` ASC),
  UNIQUE INDEX `UNIQUE` (`product_id` ASC, `user_id` ASC, `license` ASC, `amount` ASC),
  CONSTRAINT `fk_order_user_id`
    FOREIGN KEY (`user_id`)
    REFERENCES `bitsybay`.`user` (`user_id`)
    ON DELETE NO ACTION
    ON UPDATE NO ACTION,
  CONSTRAINT `fk_order_order_status_id`
    FOREIGN KEY (`order_status_id`)
    REFERENCES `bitsybay`.`order_status` (`order_status_id`)
    ON DELETE NO ACTION
    ON UPDATE NO ACTION,
  CONSTRAINT `fk_order_currency_id`
    FOREIGN KEY (`currency_id`)
    REFERENCES `bitsybay`.`currency` (`currency_id`)
    ON DELETE NO ACTION
    ON UPDATE NO ACTION,
  CONSTRAINT `fk_order_product_id`
    FOREIGN KEY (`product_id`)
    REFERENCES `bitsybay`.`product` (`product_id`)
    ON DELETE NO ACTION
    ON UPDATE NO ACTION)
ENGINE = InnoDB;


-- -----------------------------------------------------
-- Table `bitsybay`.`product_file_download`
-- -----------------------------------------------------
DROP TABLE IF EXISTS `bitsybay`.`product_file_download` ;

CREATE TABLE IF NOT EXISTS `bitsybay`.`product_file_download` (
  `product_file_download_id` INT UNSIGNED NOT NULL AUTO_INCREMENT,
  `product_file_id` INT UNSIGNED NOT NULL,
  `user_id` INT UNSIGNED NOT NULL,
  `date_added` DATETIME NOT NULL,
  PRIMARY KEY (`product_file_download_id`),
  INDEX `fk_product_file_download_product_file_id` (`product_file_id` ASC),
  INDEX `fk_product_file_download_user_id` (`user_id` ASC),
  CONSTRAINT `fk_product_file_download_product_file_id`
    FOREIGN KEY (`product_file_id`)
    REFERENCES `bitsybay`.`product_file` (`product_file_id`)
    ON DELETE NO ACTION
    ON UPDATE NO ACTION,
  CONSTRAINT `fk_product_file_download_user_id`
    FOREIGN KEY (`user_id`)
    REFERENCES `bitsybay`.`user` (`user_id`)
    ON DELETE NO ACTION
    ON UPDATE NO ACTION)
ENGINE = InnoDB;


-- -----------------------------------------------------
-- Table `bitsybay`.`user_ip`
-- -----------------------------------------------------
DROP TABLE IF EXISTS `bitsybay`.`user_ip` ;

CREATE TABLE IF NOT EXISTS `bitsybay`.`user_ip` (
  `user_ip_id` INT UNSIGNED NOT NULL AUTO_INCREMENT,
  `user_id` INT UNSIGNED NOT NULL,
  `date_added` DATETIME NOT NULL,
  `ip` VARCHAR(255) NOT NULL,
  INDEX `fk_user_ip_user_id` (`user_id` ASC),
  PRIMARY KEY (`user_ip_id`),
  CONSTRAINT `fk_user_ip_user_id`
    FOREIGN KEY (`user_id`)
    REFERENCES `bitsybay`.`user` (`user_id`)
    ON DELETE NO ACTION
    ON UPDATE NO ACTION)
ENGINE = InnoDB;


-- -----------------------------------------------------
-- Table `bitsybay`.`login_attempt`
-- -----------------------------------------------------
DROP TABLE IF EXISTS `bitsybay`.`login_attempt` ;

CREATE TABLE IF NOT EXISTS `bitsybay`.`login_attempt` (
  `login_attempt_id` INT UNSIGNED NOT NULL AUTO_INCREMENT,
  `login` VARCHAR(255) NOT NULL,
  `ip` VARCHAR(255) NOT NULL,
  `date_added` DATETIME NOT NULL,
  PRIMARY KEY (`login_attempt_id`))
ENGINE = InnoDB;


-- -----------------------------------------------------
-- Table `bitsybay`.`user_email`
-- -----------------------------------------------------
DROP TABLE IF EXISTS `bitsybay`.`user_email` ;

CREATE TABLE IF NOT EXISTS `bitsybay`.`user_email` (
  `user_email_id` INT UNSIGNED NOT NULL AUTO_INCREMENT,
  `user_id` INT UNSIGNED NOT NULL,
  `email` VARCHAR(255) NOT NULL,
  `approval_code` VARCHAR(45) NOT NULL,
  `approved` ENUM('1','0') NOT NULL,
  `date_added` DATETIME NOT NULL,
  INDEX `fk_user_email_user_id` (`user_id` ASC),
  PRIMARY KEY (`user_email_id`),
  CONSTRAINT `fk_user_email_user_id`
    FOREIGN KEY (`user_id`)
    REFERENCES `bitsybay`.`user` (`user_id`)
    ON DELETE NO ACTION
    ON UPDATE NO ACTION)
ENGINE = InnoDB;


-- -----------------------------------------------------
-- Table `bitsybay`.`transactions`
-- -----------------------------------------------------
DROP TABLE IF EXISTS `bitsybay`.`transactions` ;

CREATE TABLE IF NOT EXISTS `bitsybay`.`transactions` (
  `transaction_id` INT UNSIGNED NOT NULL AUTO_INCREMENT,
  `currency_id` INT UNSIGNED NOT NULL,
  `amount` DECIMAL(16,8) NOT NULL,
  `address_from` VARCHAR(45) NOT NULL,
  `address_to` VARCHAR(45) NOT NULL,
  PRIMARY KEY (`transaction_id`),
  INDEX `fk_transactions_currency_id` (`currency_id` ASC),
  CONSTRAINT `fk_transactions_currency_id`
    FOREIGN KEY (`currency_id`)
    REFERENCES `bitsybay`.`currency` (`currency_id`)
    ON DELETE NO ACTION
    ON UPDATE NO ACTION)
ENGINE = InnoDB;


-- -----------------------------------------------------
-- Table `bitsybay`.`tag`
-- -----------------------------------------------------
DROP TABLE IF EXISTS `bitsybay`.`tag` ;

CREATE TABLE IF NOT EXISTS `bitsybay`.`tag` (
  `tag_id` INT UNSIGNED NOT NULL AUTO_INCREMENT,
  `date_added` DATETIME NOT NULL,
  PRIMARY KEY (`tag_id`))
ENGINE = InnoDB;


-- -----------------------------------------------------
-- Table `bitsybay`.`product_to_tag`
-- -----------------------------------------------------
DROP TABLE IF EXISTS `bitsybay`.`product_to_tag` ;

CREATE TABLE IF NOT EXISTS `bitsybay`.`product_to_tag` (
  `product_to_tag_id` INT UNSIGNED NOT NULL AUTO_INCREMENT,
  `product_id` INT UNSIGNED NOT NULL,
  `tag_id` INT UNSIGNED NOT NULL,
  PRIMARY KEY (`product_to_tag_id`),
  INDEX `fk_product_to_tag_product_id` (`product_id` ASC),
  INDEX `fk_product_to_tag_tag_id` (`tag_id` ASC),
  UNIQUE INDEX `UNIQUE` (`product_id` ASC, `tag_id` ASC),
  CONSTRAINT `fk_product_to_tag_product_id`
    FOREIGN KEY (`product_id`)
    REFERENCES `bitsybay`.`product` (`product_id`)
    ON DELETE NO ACTION
    ON UPDATE NO ACTION,
  CONSTRAINT `fk_product_to_tag_tag_id`
    FOREIGN KEY (`tag_id`)
    REFERENCES `bitsybay`.`tag` (`tag_id`)
    ON DELETE NO ACTION
    ON UPDATE NO ACTION)
ENGINE = InnoDB;


-- -----------------------------------------------------
-- Table `bitsybay`.`language`
-- -----------------------------------------------------
DROP TABLE IF EXISTS `bitsybay`.`language` ;

CREATE TABLE IF NOT EXISTS `bitsybay`.`language` (
  `language_id` INT UNSIGNED NOT NULL AUTO_INCREMENT,
  `code` VARCHAR(45) NOT NULL,
  `locale` VARCHAR(45) NOT NULL,
  `name` VARCHAR(45) NOT NULL,
  PRIMARY KEY (`language_id`))
ENGINE = InnoDB;


-- -----------------------------------------------------
-- Table `bitsybay`.`product_description`
-- -----------------------------------------------------
DROP TABLE IF EXISTS `bitsybay`.`product_description` ;

CREATE TABLE IF NOT EXISTS `bitsybay`.`product_description` (
  `product_description_id` INT UNSIGNED NOT NULL AUTO_INCREMENT,
  `product_id` INT UNSIGNED NOT NULL,
  `language_id` INT UNSIGNED NOT NULL,
  `title` VARCHAR(255) NOT NULL,
  `description` TEXT NOT NULL,
  PRIMARY KEY (`product_description_id`),
  INDEX `fk_product_description_product_id` (`product_id` ASC),
  INDEX `fk_product_description_language_id` (`language_id` ASC),
  UNIQUE INDEX `UNIQUE` (`product_id` ASC, `language_id` ASC),
  CONSTRAINT `fk_product_description_product_id`
    FOREIGN KEY (`product_id`)
    REFERENCES `bitsybay`.`product` (`product_id`)
    ON DELETE NO ACTION
    ON UPDATE NO ACTION,
  CONSTRAINT `fk_product_description_language_id`
    FOREIGN KEY (`language_id`)
    REFERENCES `bitsybay`.`language` (`language_id`)
    ON DELETE NO ACTION
    ON UPDATE NO ACTION)
ENGINE = InnoDB;


-- -----------------------------------------------------
-- Table `bitsybay`.`category_description`
-- -----------------------------------------------------
DROP TABLE IF EXISTS `bitsybay`.`category_description` ;

CREATE TABLE IF NOT EXISTS `bitsybay`.`category_description` (
  `category_description_id` INT UNSIGNED NOT NULL AUTO_INCREMENT,
  `category_id` INT UNSIGNED NOT NULL,
  `language_id` INT UNSIGNED NOT NULL,
  `title` VARCHAR(255) NOT NULL,
  PRIMARY KEY (`category_description_id`),
  INDEX `fk_category_description_category_id` (`category_id` ASC),
  INDEX `fk_category_description_language_id` (`language_id` ASC),
  UNIQUE INDEX `UNIQUE` (`category_id` ASC, `language_id` ASC),
  CONSTRAINT `fk_category_description_category_id`
    FOREIGN KEY (`category_id`)
    REFERENCES `bitsybay`.`category` (`category_id`)
    ON DELETE NO ACTION
    ON UPDATE NO ACTION,
  CONSTRAINT `fk_category_description_language_id`
    FOREIGN KEY (`language_id`)
    REFERENCES `bitsybay`.`language` (`language_id`)
    ON DELETE NO ACTION
    ON UPDATE NO ACTION)
ENGINE = InnoDB;


-- -----------------------------------------------------
-- Table `bitsybay`.`product_image_description`
-- -----------------------------------------------------
DROP TABLE IF EXISTS `bitsybay`.`product_image_description` ;

CREATE TABLE IF NOT EXISTS `bitsybay`.`product_image_description` (
  `image_description_id` INT UNSIGNED NOT NULL AUTO_INCREMENT,
  `product_image_id` INT UNSIGNED NOT NULL,
  `language_id` INT UNSIGNED NOT NULL,
  `title` VARCHAR(255) NOT NULL,
  PRIMARY KEY (`image_description_id`),
  INDEX `fk_product_image_description_product_image_id` (`product_image_id` ASC),
  INDEX `fk_product_image_description_language_id` (`language_id` ASC),
  UNIQUE INDEX `UNIQUE` (`product_image_id` ASC, `language_id` ASC),
  CONSTRAINT `fk_product_image_description_product_image_id`
    FOREIGN KEY (`product_image_id`)
    REFERENCES `bitsybay`.`product_image` (`product_image_id`)
    ON DELETE NO ACTION
    ON UPDATE NO ACTION,
  CONSTRAINT `fk_product_image_description_language_id`
    FOREIGN KEY (`language_id`)
    REFERENCES `bitsybay`.`language` (`language_id`)
    ON DELETE NO ACTION
    ON UPDATE NO ACTION)
ENGINE = InnoDB;


-- -----------------------------------------------------
-- Table `bitsybay`.`license_description`
-- -----------------------------------------------------
DROP TABLE IF EXISTS `bitsybay`.`license_description` ;

CREATE TABLE IF NOT EXISTS `bitsybay`.`license_description` (
  `license_description_id` INT UNSIGNED NOT NULL AUTO_INCREMENT,
  `license_id` INT UNSIGNED NOT NULL,
  `language_id` INT UNSIGNED NOT NULL,
  `title` VARCHAR(255) NOT NULL,
  `description` TEXT NOT NULL,
  PRIMARY KEY (`license_description_id`),
  INDEX `fk_license_description_license_id` (`license_id` ASC),
  INDEX `fk_license_description_language_id` (`language_id` ASC),
  UNIQUE INDEX `UNIQUE` (`license_id` ASC, `language_id` ASC),
  CONSTRAINT `fk_license_description_license_id`
    FOREIGN KEY (`license_id`)
    REFERENCES `bitsybay`.`license` (`license_id`)
    ON DELETE NO ACTION
    ON UPDATE NO ACTION,
  CONSTRAINT `fk_license_description_language_id`
    FOREIGN KEY (`language_id`)
    REFERENCES `bitsybay`.`language` (`language_id`)
    ON DELETE NO ACTION
    ON UPDATE NO ACTION)
ENGINE = InnoDB;


-- -----------------------------------------------------
-- Table `bitsybay`.`product_favorite`
-- -----------------------------------------------------
DROP TABLE IF EXISTS `bitsybay`.`product_favorite` ;

CREATE TABLE IF NOT EXISTS `bitsybay`.`product_favorite` (
  `product_favorite_id` INT UNSIGNED NOT NULL AUTO_INCREMENT,
  `product_id` INT UNSIGNED NOT NULL,
  `user_id` INT UNSIGNED NOT NULL,
  `date_added` DATETIME NOT NULL,
  PRIMARY KEY (`product_favorite_id`),
  INDEX `fk_product_favorite_product_id` (`product_id` ASC),
  INDEX `fk_product_favorite_user_id` (`user_id` ASC),
  UNIQUE INDEX `UNIQUE` (`product_id` ASC, `user_id` ASC),
  CONSTRAINT `fk_product_favorite_product_id`
    FOREIGN KEY (`product_id`)
    REFERENCES `bitsybay`.`product` (`product_id`)
    ON DELETE NO ACTION
    ON UPDATE NO ACTION,
  CONSTRAINT `fk_product_favorite_user_id`
    FOREIGN KEY (`user_id`)
    REFERENCES `bitsybay`.`user` (`user_id`)
    ON DELETE NO ACTION
    ON UPDATE NO ACTION)
ENGINE = InnoDB;


-- -----------------------------------------------------
-- Table `bitsybay`.`tag_description`
-- -----------------------------------------------------
DROP TABLE IF EXISTS `bitsybay`.`tag_description` ;

CREATE TABLE IF NOT EXISTS `bitsybay`.`tag_description` (
  `tag_description_id` INT UNSIGNED NOT NULL AUTO_INCREMENT,
  `tag_id` INT UNSIGNED NOT NULL,
  `language_id` INT UNSIGNED NOT NULL,
  `name` VARCHAR(45) NULL,
  PRIMARY KEY (`tag_description_id`),
  INDEX `fk_tag_language_id` (`language_id` ASC),
  INDEX `fk_tag_tag_id` (`tag_id` ASC),
  UNIQUE INDEX `UNIQUE` (`tag_id` ASC, `language_id` ASC),
  CONSTRAINT `fk_tag_language_id`
    FOREIGN KEY (`language_id`)
    REFERENCES `bitsybay`.`language` (`language_id`)
    ON DELETE NO ACTION
    ON UPDATE NO ACTION,
  CONSTRAINT `fk_tag_tag_id`
    FOREIGN KEY (`tag_id`)
    REFERENCES `bitsybay`.`tag` (`tag_id`)
    ON DELETE NO ACTION
    ON UPDATE NO ACTION)
ENGINE = InnoDB;


-- -----------------------------------------------------
-- Table `bitsybay`.`product_demo`
-- -----------------------------------------------------
DROP TABLE IF EXISTS `bitsybay`.`product_demo` ;

CREATE TABLE IF NOT EXISTS `bitsybay`.`product_demo` (
  `product_demo_id` INT UNSIGNED NOT NULL AUTO_INCREMENT,
  `product_id` INT UNSIGNED NOT NULL,
  `sort_order` INT UNSIGNED NOT NULL,
  `url` VARCHAR(255) NOT NULL,
  `main` ENUM('1','0') NULL,
  PRIMARY KEY (`product_demo_id`),
  INDEX `fk_product_demo_product_id` (`product_id` ASC),
  CONSTRAINT `fk_product_demo_product_id`
    FOREIGN KEY (`product_id`)
    REFERENCES `bitsybay`.`product` (`product_id`)
    ON DELETE NO ACTION
    ON UPDATE NO ACTION)
ENGINE = InnoDB;


-- -----------------------------------------------------
-- Table `bitsybay`.`product_demo_description`
-- -----------------------------------------------------
DROP TABLE IF EXISTS `bitsybay`.`product_demo_description` ;

CREATE TABLE IF NOT EXISTS `bitsybay`.`product_demo_description` (
  `product_demo_description_id` INT UNSIGNED NOT NULL AUTO_INCREMENT,
  `product_demo_id` INT UNSIGNED NOT NULL,
  `language_id` INT UNSIGNED NOT NULL,
  `title` VARCHAR(255) NOT NULL,
  PRIMARY KEY (`product_demo_description_id`),
  INDEX `fk_product_demo_description_product_id` (`product_demo_id` ASC),
  INDEX `fk_product_demo_description_language_id` (`language_id` ASC),
  UNIQUE INDEX `UNIQUE` (`product_demo_id` ASC, `language_id` ASC),
  CONSTRAINT `fk_product_demo_description_product_id`
    FOREIGN KEY (`product_demo_id`)
    REFERENCES `bitsybay`.`product_demo` (`product_demo_id`)
    ON DELETE NO ACTION
    ON UPDATE NO ACTION,
  CONSTRAINT `fk_product_demo_description_language_id`
    FOREIGN KEY (`language_id`)
    REFERENCES `bitsybay`.`language` (`language_id`)
    ON DELETE NO ACTION
    ON UPDATE NO ACTION)
ENGINE = InnoDB;


-- -----------------------------------------------------
-- Table `bitsybay`.`video_server`
-- -----------------------------------------------------
DROP TABLE IF EXISTS `bitsybay`.`video_server` ;

CREATE TABLE IF NOT EXISTS `bitsybay`.`video_server` (
  `video_server_id` INT UNSIGNED NOT NULL AUTO_INCREMENT,
  `name` VARCHAR(45) NOT NULL,
  `website_url` VARCHAR(45) NOT NULL,
  `iframe_url` VARCHAR(45) NOT NULL,
  PRIMARY KEY (`video_server_id`))
ENGINE = InnoDB;


-- -----------------------------------------------------
-- Table `bitsybay`.`product_video`
-- -----------------------------------------------------
DROP TABLE IF EXISTS `bitsybay`.`product_video` ;

CREATE TABLE IF NOT EXISTS `bitsybay`.`product_video` (
  `product_video_id` INT UNSIGNED NOT NULL AUTO_INCREMENT,
  `product_id` INT UNSIGNED NOT NULL,
  `video_server_id` INT UNSIGNED NOT NULL,
  `sort_order` INT UNSIGNED NOT NULL,
  `id` VARCHAR(255) NOT NULL,
  PRIMARY KEY (`product_video_id`),
  INDEX `fk_product_video_product_id` (`product_id` ASC),
  INDEX `fk_product_video_video_server_id` (`video_server_id` ASC),
  CONSTRAINT `fk_product_video_product_id`
    FOREIGN KEY (`product_id`)
    REFERENCES `bitsybay`.`product` (`product_id`)
    ON DELETE NO ACTION
    ON UPDATE NO ACTION,
  CONSTRAINT `fk_product_video_video_server_id`
    FOREIGN KEY (`video_server_id`)
    REFERENCES `bitsybay`.`video_server` (`video_server_id`)
    ON DELETE NO ACTION
    ON UPDATE NO ACTION)
ENGINE = InnoDB;


-- -----------------------------------------------------
-- Table `bitsybay`.`product_video_description`
-- -----------------------------------------------------
DROP TABLE IF EXISTS `bitsybay`.`product_video_description` ;

CREATE TABLE IF NOT EXISTS `bitsybay`.`product_video_description` (
  `product_video_description_id` INT UNSIGNED NOT NULL AUTO_INCREMENT,
  `product_video_id` INT UNSIGNED NOT NULL,
  `language_id` INT UNSIGNED NOT NULL,
  `title` VARCHAR(255) NOT NULL,
  PRIMARY KEY (`product_video_description_id`),
  INDEX `fk_product_video_description_language_id` (`language_id` ASC),
  UNIQUE INDEX `UNIQUE` (`language_id` ASC, `product_video_id` ASC),
  INDEX `fk_product_video_description_product_video_id` (`product_video_id` ASC),
  CONSTRAINT `fk_product_video_description_language_id`
    FOREIGN KEY (`language_id`)
    REFERENCES `bitsybay`.`language` (`language_id`)
    ON DELETE NO ACTION
    ON UPDATE NO ACTION,
  CONSTRAINT `fk_product_video_description_product_video_id`
    FOREIGN KEY (`product_video_id`)
    REFERENCES `bitsybay`.`product_video` (`product_video_id`)
    ON DELETE NO ACTION
    ON UPDATE NO ACTION)
ENGINE = InnoDB;


-- -----------------------------------------------------
-- Table `bitsybay`.`product_special`
-- -----------------------------------------------------
DROP TABLE IF EXISTS `bitsybay`.`product_special` ;

CREATE TABLE IF NOT EXISTS `bitsybay`.`product_special` (
  `product_special_id` INT UNSIGNED NOT NULL AUTO_INCREMENT,
  `product_id` INT UNSIGNED NOT NULL,
  `sort_order` INT UNSIGNED NOT NULL,
  `date_start` DATE NOT NULL,
  `date_end` DATE NOT NULL,
  `regular_price` DECIMAL(16,8) NOT NULL,
  `exclusive_price` DECIMAL(16,8) NOT NULL,
  PRIMARY KEY (`product_special_id`),
  INDEX `fk_product_special_product_id` (`product_id` ASC),
  CONSTRAINT `fk_product_special_product_id`
    FOREIGN KEY (`product_id`)
    REFERENCES `bitsybay`.`product` (`product_id`)
    ON DELETE NO ACTION
    ON UPDATE NO ACTION)
ENGINE = InnoDB;


-- -----------------------------------------------------
-- Table `bitsybay`.`order_status_description`
-- -----------------------------------------------------
DROP TABLE IF EXISTS `bitsybay`.`order_status_description` ;

CREATE TABLE IF NOT EXISTS `bitsybay`.`order_status_description` (
  `order_status_description_id` INT UNSIGNED NOT NULL AUTO_INCREMENT,
  `order_status_id` INT UNSIGNED NOT NULL,
  `language_id` INT UNSIGNED NOT NULL,
  `name` VARCHAR(45) NOT NULL,
  PRIMARY KEY (`order_status_description_id`),
  INDEX `fk_order_status_description_order_status_id` (`order_status_id` ASC),
  INDEX `fk_order_status_description_language_id` (`language_id` ASC),
  CONSTRAINT `fk_order_status_description_order_status_id`
    FOREIGN KEY (`order_status_id`)
    REFERENCES `bitsybay`.`order_status` (`order_status_id`)
    ON DELETE NO ACTION
    ON UPDATE NO ACTION,
  CONSTRAINT `fk_order_status_description_language_id`
    FOREIGN KEY (`language_id`)
    REFERENCES `bitsybay`.`language` (`language_id`)
    ON DELETE NO ACTION
    ON UPDATE NO ACTION)
ENGINE = InnoDB;


-- -----------------------------------------------------
-- Table `bitsybay`.`product_report`
-- -----------------------------------------------------
DROP TABLE IF EXISTS `bitsybay`.`product_report` ;

CREATE TABLE IF NOT EXISTS `bitsybay`.`product_report` (
  `product_report_id` INT UNSIGNED NOT NULL AUTO_INCREMENT,
  `product_id` INT UNSIGNED NULL,
  `user_id` INT UNSIGNED NULL,
  `date_added` DATETIME NOT NULL,
  `message` TEXT NULL,
  PRIMARY KEY (`product_report_id`),
  INDEX `fk_product_report_product_id` (`product_id` ASC),
  INDEX `fk_product_report_user_id` (`user_id` ASC),
  CONSTRAINT `fk_product_report_product_id`
    FOREIGN KEY (`product_id`)
    REFERENCES `bitsybay`.`product` (`product_id`)
    ON DELETE NO ACTION
    ON UPDATE NO ACTION,
  CONSTRAINT `fk_product_report_user_id`
    FOREIGN KEY (`user_id`)
    REFERENCES `bitsybay`.`user` (`user_id`)
    ON DELETE NO ACTION
    ON UPDATE NO ACTION)
ENGINE = InnoDB;


-- -----------------------------------------------------
-- Table `bitsybay`.`product_review`
-- -----------------------------------------------------
DROP TABLE IF EXISTS `bitsybay`.`product_review` ;

CREATE TABLE IF NOT EXISTS `bitsybay`.`product_review` (
  `product_review_id` INT UNSIGNED NOT NULL AUTO_INCREMENT,
  `product_id` INT UNSIGNED NOT NULL,
  `user_id` INT UNSIGNED NOT NULL,
  `language_id` INT UNSIGNED NOT NULL,
  `status` ENUM('1','0') NOT NULL,
  `review` TEXT NOT NULL,
  `date_added` DATETIME NOT NULL,
  `date_modified` DATETIME NOT NULL,
  PRIMARY KEY (`product_review_id`),
  INDEX `fk_product_review_product_id` (`product_id` ASC),
  INDEX `fk_product_review_user_id` (`user_id` ASC),
  INDEX `fk_product_review_language_id` (`language_id` ASC),
  CONSTRAINT `fk_product_review_product_id`
    FOREIGN KEY (`product_id`)
    REFERENCES `bitsybay`.`product` (`product_id`)
    ON DELETE NO ACTION
    ON UPDATE NO ACTION,
  CONSTRAINT `fk_product_review_user_id`
    FOREIGN KEY (`user_id`)
    REFERENCES `bitsybay`.`user` (`user_id`)
    ON DELETE NO ACTION
    ON UPDATE NO ACTION,
  CONSTRAINT `fk_product_review_language_id`
    FOREIGN KEY (`language_id`)
    REFERENCES `bitsybay`.`language` (`language_id`)
    ON DELETE NO ACTION
    ON UPDATE NO ACTION)
ENGINE = InnoDB;


-- -----------------------------------------------------
-- Table `bitsybay`.`log_search`
-- -----------------------------------------------------
DROP TABLE IF EXISTS `bitsybay`.`log_search` ;

CREATE TABLE IF NOT EXISTS `bitsybay`.`log_search` (
  `log_search_id` INT UNSIGNED NOT NULL AUTO_INCREMENT,
  `user_id` INT UNSIGNED NULL,
  `results` INT NOT NULL,
  `term` VARCHAR(255) NULL,
  `date_added` DATETIME NOT NULL,
  PRIMARY KEY (`log_search_id`),
  INDEX `fk_log_search_user_id` (`user_id` ASC),
  CONSTRAINT `fk_log_search_user_id`
    FOREIGN KEY (`user_id`)
    REFERENCES `bitsybay`.`user` (`user_id`)
    ON DELETE NO ACTION
    ON UPDATE NO ACTION)
ENGINE = InnoDB;


-- -----------------------------------------------------
-- Table `bitsybay`.`log_404`
-- -----------------------------------------------------
DROP TABLE IF EXISTS `bitsybay`.`log_404` ;

CREATE TABLE IF NOT EXISTS `bitsybay`.`log_404` (
  `log_404_id` INT UNSIGNED NOT NULL AUTO_INCREMENT,
  `user_id` INT UNSIGNED NULL,
  `request` VARCHAR(45) NOT NULL,
  `referrer` VARCHAR(45) NOT NULL,
  `date_added` DATETIME NOT NULL,
  PRIMARY KEY (`log_404_id`),
  INDEX `fk_log_404_user_id` (`user_id` ASC),
  CONSTRAINT `fk_log_404_user_id`
    FOREIGN KEY (`user_id`)
    REFERENCES `bitsybay`.`user` (`user_id`)
    ON DELETE NO ACTION
    ON UPDATE NO ACTION)
ENGINE = InnoDB;


-- -----------------------------------------------------
-- Table `bitsybay`.`redirect`
-- -----------------------------------------------------
DROP TABLE IF EXISTS `bitsybay`.`redirect` ;

CREATE TABLE IF NOT EXISTS `bitsybay`.`redirect` (
  `redirect_id` INT UNSIGNED NOT NULL AUTO_INCREMENT,
  `code` INT NOT NULL,
  `requested` INT NOT NULL,
  `uri_from` VARCHAR(500) NOT NULL,
  `uri_to` VARCHAR(500) NOT NULL,
  `date_added` DATETIME NOT NULL,
  PRIMARY KEY (`redirect_id`),
  INDEX `code` (`code` ASC))
ENGINE = InnoDB;


SET SQL_MODE=@OLD_SQL_MODE;
SET FOREIGN_KEY_CHECKS=@OLD_FOREIGN_KEY_CHECKS;
SET UNIQUE_CHECKS=@OLD_UNIQUE_CHECKS;


-- -----------------------------------------------------
-- Data for table `bitsybay`.`category`
-- -----------------------------------------------------
START TRANSACTION;
USE `bitsybay`;
INSERT INTO `bitsybay`.`category` (`category_id`, `parent_category_id`, `sort_order`, `alias`) VALUES (1, NULL, 1, 'apps');
INSERT INTO `bitsybay`.`category` (`category_id`, `parent_category_id`, `sort_order`, `alias`) VALUES (2, NULL, 2, 'extensions');
INSERT INTO `bitsybay`.`category` (`category_id`, `parent_category_id`, `sort_order`, `alias`) VALUES (3, NULL, 3, 'graphic');
INSERT INTO `bitsybay`.`category` (`category_id`, `parent_category_id`, `sort_order`, `alias`) VALUES (4, NULL, 4, 'video');
INSERT INTO `bitsybay`.`category` (`category_id`, `parent_category_id`, `sort_order`, `alias`) VALUES (5, NULL, 5, 'audio');
INSERT INTO `bitsybay`.`category` (`category_id`, `parent_category_id`, `sort_order`, `alias`) VALUES (6, NULL, 6, '3d');
INSERT INTO `bitsybay`.`category` (`category_id`, `parent_category_id`, `sort_order`, `alias`) VALUES (7, NULL, 7, 'flash-and-flex');
INSERT INTO `bitsybay`.`category` (`category_id`, `parent_category_id`, `sort_order`, `alias`) VALUES (8, 1, DEFAULT, 'mac-os');
INSERT INTO `bitsybay`.`category` (`category_id`, `parent_category_id`, `sort_order`, `alias`) VALUES (9, 1, DEFAULT, 'windows');
INSERT INTO `bitsybay`.`category` (`category_id`, `parent_category_id`, `sort_order`, `alias`) VALUES (10, 1, DEFAULT, 'linux');
INSERT INTO `bitsybay`.`category` (`category_id`, `parent_category_id`, `sort_order`, `alias`) VALUES (11, 1, DEFAULT, 'ios');
INSERT INTO `bitsybay`.`category` (`category_id`, `parent_category_id`, `sort_order`, `alias`) VALUES (12, 1, DEFAULT, 'android');
INSERT INTO `bitsybay`.`category` (`category_id`, `parent_category_id`, `sort_order`, `alias`) VALUES (13, 1, DEFAULT, 'other');
INSERT INTO `bitsybay`.`category` (`category_id`, `parent_category_id`, `sort_order`, `alias`) VALUES (14, 2, DEFAULT, 'wordpress');
INSERT INTO `bitsybay`.`category` (`category_id`, `parent_category_id`, `sort_order`, `alias`) VALUES (15, 2, DEFAULT, 'drupal');
INSERT INTO `bitsybay`.`category` (`category_id`, `parent_category_id`, `sort_order`, `alias`) VALUES (16, 2, DEFAULT, 'joomla');
INSERT INTO `bitsybay`.`category` (`category_id`, `parent_category_id`, `sort_order`, `alias`) VALUES (17, 2, DEFAULT, 'modx');
INSERT INTO `bitsybay`.`category` (`category_id`, `parent_category_id`, `sort_order`, `alias`) VALUES (18, 2, DEFAULT, 'magento');
INSERT INTO `bitsybay`.`category` (`category_id`, `parent_category_id`, `sort_order`, `alias`) VALUES (19, 2, DEFAULT, 'opencart');
INSERT INTO `bitsybay`.`category` (`category_id`, `parent_category_id`, `sort_order`, `alias`) VALUES (20, 2, DEFAULT, 'prestashop');
INSERT INTO `bitsybay`.`category` (`category_id`, `parent_category_id`, `sort_order`, `alias`) VALUES (21, 2, DEFAULT, 'oscommerce');
INSERT INTO `bitsybay`.`category` (`category_id`, `parent_category_id`, `sort_order`, `alias`) VALUES (22, 2, DEFAULT, 'ubercart');
INSERT INTO `bitsybay`.`category` (`category_id`, `parent_category_id`, `sort_order`, `alias`) VALUES (23, 2, DEFAULT, 'virtuemart');
INSERT INTO `bitsybay`.`category` (`category_id`, `parent_category_id`, `sort_order`, `alias`) VALUES (24, 2, DEFAULT, 'other');
INSERT INTO `bitsybay`.`category` (`category_id`, `parent_category_id`, `sort_order`, `alias`) VALUES (25, 3, DEFAULT, '3d');
INSERT INTO `bitsybay`.`category` (`category_id`, `parent_category_id`, `sort_order`, `alias`) VALUES (26, 3, DEFAULT, 'backgrounds');
INSERT INTO `bitsybay`.`category` (`category_id`, `parent_category_id`, `sort_order`, `alias`) VALUES (27, 3, DEFAULT, 'illustrations');
INSERT INTO `bitsybay`.`category` (`category_id`, `parent_category_id`, `sort_order`, `alias`) VALUES (28, 3, DEFAULT, 'photo-templates');
INSERT INTO `bitsybay`.`category` (`category_id`, `parent_category_id`, `sort_order`, `alias`) VALUES (29, 3, DEFAULT, 'web-templates');
INSERT INTO `bitsybay`.`category` (`category_id`, `parent_category_id`, `sort_order`, `alias`) VALUES (30, 3, DEFAULT, 'fonts');
INSERT INTO `bitsybay`.`category` (`category_id`, `parent_category_id`, `sort_order`, `alias`) VALUES (31, 3, DEFAULT, 'vectors');
INSERT INTO `bitsybay`.`category` (`category_id`, `parent_category_id`, `sort_order`, `alias`) VALUES (32, 3, DEFAULT, 'icons');
INSERT INTO `bitsybay`.`category` (`category_id`, `parent_category_id`, `sort_order`, `alias`) VALUES (33, 3, DEFAULT, 'banners');
INSERT INTO `bitsybay`.`category` (`category_id`, `parent_category_id`, `sort_order`, `alias`) VALUES (34, 3, DEFAULT, 'logos');
INSERT INTO `bitsybay`.`category` (`category_id`, `parent_category_id`, `sort_order`, `alias`) VALUES (35, 3, DEFAULT, 'other');
INSERT INTO `bitsybay`.`category` (`category_id`, `parent_category_id`, `sort_order`, `alias`) VALUES (36, 4, DEFAULT, 'broadcast-packages');
INSERT INTO `bitsybay`.`category` (`category_id`, `parent_category_id`, `sort_order`, `alias`) VALUES (37, 4, DEFAULT, 'element-3d');
INSERT INTO `bitsybay`.`category` (`category_id`, `parent_category_id`, `sort_order`, `alias`) VALUES (38, 4, DEFAULT, 'openers');
INSERT INTO `bitsybay`.`category` (`category_id`, `parent_category_id`, `sort_order`, `alias`) VALUES (39, 4, DEFAULT, 'promo');
INSERT INTO `bitsybay`.`category` (`category_id`, `parent_category_id`, `sort_order`, `alias`) VALUES (40, 4, DEFAULT, 'titles');
INSERT INTO `bitsybay`.`category` (`category_id`, `parent_category_id`, `sort_order`, `alias`) VALUES (41, 4, DEFAULT, 'add-ons');
INSERT INTO `bitsybay`.`category` (`category_id`, `parent_category_id`, `sort_order`, `alias`) VALUES (42, 4, DEFAULT, 'other');
INSERT INTO `bitsybay`.`category` (`category_id`, `parent_category_id`, `sort_order`, `alias`) VALUES (43, 5, DEFAULT, 'music');
INSERT INTO `bitsybay`.`category` (`category_id`, `parent_category_id`, `sort_order`, `alias`) VALUES (44, 5, DEFAULT, 'sound-effects');
INSERT INTO `bitsybay`.`category` (`category_id`, `parent_category_id`, `sort_order`, `alias`) VALUES (45, 5, DEFAULT, 'source-files');
INSERT INTO `bitsybay`.`category` (`category_id`, `parent_category_id`, `sort_order`, `alias`) VALUES (46, 5, DEFAULT, 'logos-and-idents');
INSERT INTO `bitsybay`.`category` (`category_id`, `parent_category_id`, `sort_order`, `alias`) VALUES (47, 5, DEFAULT, 'other');
INSERT INTO `bitsybay`.`category` (`category_id`, `parent_category_id`, `sort_order`, `alias`) VALUES (48, 6, DEFAULT, 'models');
INSERT INTO `bitsybay`.`category` (`category_id`, `parent_category_id`, `sort_order`, `alias`) VALUES (49, 6, DEFAULT, 'hdri-images');
INSERT INTO `bitsybay`.`category` (`category_id`, `parent_category_id`, `sort_order`, `alias`) VALUES (50, 6, DEFAULT, 'cg-textures');
INSERT INTO `bitsybay`.`category` (`category_id`, `parent_category_id`, `sort_order`, `alias`) VALUES (51, 6, DEFAULT, 'materials-and-shaders');
INSERT INTO `bitsybay`.`category` (`category_id`, `parent_category_id`, `sort_order`, `alias`) VALUES (52, 6, DEFAULT, 'base-and-meshes');
INSERT INTO `bitsybay`.`category` (`category_id`, `parent_category_id`, `sort_order`, `alias`) VALUES (53, 6, DEFAULT, 'scripts-and-plugins');
INSERT INTO `bitsybay`.`category` (`category_id`, `parent_category_id`, `sort_order`, `alias`) VALUES (54, 6, DEFAULT, 'other');
INSERT INTO `bitsybay`.`category` (`category_id`, `parent_category_id`, `sort_order`, `alias`) VALUES (55, 7, DEFAULT, 'unity-3d');
INSERT INTO `bitsybay`.`category` (`category_id`, `parent_category_id`, `sort_order`, `alias`) VALUES (56, 7, DEFAULT, 'flash');
INSERT INTO `bitsybay`.`category` (`category_id`, `parent_category_id`, `sort_order`, `alias`) VALUES (57, 7, DEFAULT, 'animations');
INSERT INTO `bitsybay`.`category` (`category_id`, `parent_category_id`, `sort_order`, `alias`) VALUES (58, 7, DEFAULT, 'games');
INSERT INTO `bitsybay`.`category` (`category_id`, `parent_category_id`, `sort_order`, `alias`) VALUES (59, 7, DEFAULT, 'templates');
INSERT INTO `bitsybay`.`category` (`category_id`, `parent_category_id`, `sort_order`, `alias`) VALUES (60, 7, DEFAULT, 'players');
INSERT INTO `bitsybay`.`category` (`category_id`, `parent_category_id`, `sort_order`, `alias`) VALUES (61, 7, DEFAULT, 'viewers');
INSERT INTO `bitsybay`.`category` (`category_id`, `parent_category_id`, `sort_order`, `alias`) VALUES (62, 7, DEFAULT, 'flex');
INSERT INTO `bitsybay`.`category` (`category_id`, `parent_category_id`, `sort_order`, `alias`) VALUES (63, 7, DEFAULT, 'other');

COMMIT;


-- -----------------------------------------------------
-- Data for table `bitsybay`.`currency`
-- -----------------------------------------------------
START TRANSACTION;
USE `bitsybay`;
INSERT INTO `bitsybay`.`currency` (`currency_id`, `rate`, `name`, `code`, `symbol`) VALUES (1, 1, 'Bitcoin', 'BTC', '&#579;');

COMMIT;


-- -----------------------------------------------------
-- Data for table `bitsybay`.`language`
-- -----------------------------------------------------
START TRANSACTION;
USE `bitsybay`;
INSERT INTO `bitsybay`.`language` (`language_id`, `code`, `locale`, `name`) VALUES (1, 'en', 'en_UK', 'English');

COMMIT;


-- -----------------------------------------------------
-- Data for table `bitsybay`.`category_description`
-- -----------------------------------------------------
START TRANSACTION;
USE `bitsybay`;
INSERT INTO `bitsybay`.`category_description` (`category_description_id`, `category_id`, `language_id`, `title`) VALUES (1, 1, 1, 'Apps');
INSERT INTO `bitsybay`.`category_description` (`category_description_id`, `category_id`, `language_id`, `title`) VALUES (2, 2, 1, 'Extensions');
INSERT INTO `bitsybay`.`category_description` (`category_description_id`, `category_id`, `language_id`, `title`) VALUES (3, 3, 1, 'Graphic');
INSERT INTO `bitsybay`.`category_description` (`category_description_id`, `category_id`, `language_id`, `title`) VALUES (4, 4, 1, 'Video');
INSERT INTO `bitsybay`.`category_description` (`category_description_id`, `category_id`, `language_id`, `title`) VALUES (5, 5, 1, 'Audio');
INSERT INTO `bitsybay`.`category_description` (`category_description_id`, `category_id`, `language_id`, `title`) VALUES (6, 6, 1, '3D');
INSERT INTO `bitsybay`.`category_description` (`category_description_id`, `category_id`, `language_id`, `title`) VALUES (7, 7, 1, 'Flash & Flex');
INSERT INTO `bitsybay`.`category_description` (`category_description_id`, `category_id`, `language_id`, `title`) VALUES (8, 8, 1, 'MacOS');
INSERT INTO `bitsybay`.`category_description` (`category_description_id`, `category_id`, `language_id`, `title`) VALUES (9, 9, 1, 'Windows');
INSERT INTO `bitsybay`.`category_description` (`category_description_id`, `category_id`, `language_id`, `title`) VALUES (10, 10, 1, 'Linux');
INSERT INTO `bitsybay`.`category_description` (`category_description_id`, `category_id`, `language_id`, `title`) VALUES (11, 11, 1, 'iOS');
INSERT INTO `bitsybay`.`category_description` (`category_description_id`, `category_id`, `language_id`, `title`) VALUES (12, 12, 1, 'Android');
INSERT INTO `bitsybay`.`category_description` (`category_description_id`, `category_id`, `language_id`, `title`) VALUES (13, 13, 1, 'Other');
INSERT INTO `bitsybay`.`category_description` (`category_description_id`, `category_id`, `language_id`, `title`) VALUES (14, 14, 1, 'WordPress');
INSERT INTO `bitsybay`.`category_description` (`category_description_id`, `category_id`, `language_id`, `title`) VALUES (15, 15, 1, 'Drupal');
INSERT INTO `bitsybay`.`category_description` (`category_description_id`, `category_id`, `language_id`, `title`) VALUES (16, 16, 1, 'Joomla');
INSERT INTO `bitsybay`.`category_description` (`category_description_id`, `category_id`, `language_id`, `title`) VALUES (17, 17, 1, 'modX');
INSERT INTO `bitsybay`.`category_description` (`category_description_id`, `category_id`, `language_id`, `title`) VALUES (18, 18, 1, 'Magento');
INSERT INTO `bitsybay`.`category_description` (`category_description_id`, `category_id`, `language_id`, `title`) VALUES (19, 19, 1, 'OpenCart');
INSERT INTO `bitsybay`.`category_description` (`category_description_id`, `category_id`, `language_id`, `title`) VALUES (20, 20, 1, 'PrestaShop');
INSERT INTO `bitsybay`.`category_description` (`category_description_id`, `category_id`, `language_id`, `title`) VALUES (21, 21, 1, 'osCommerce');
INSERT INTO `bitsybay`.`category_description` (`category_description_id`, `category_id`, `language_id`, `title`) VALUES (22, 22, 1, 'Uber cart');
INSERT INTO `bitsybay`.`category_description` (`category_description_id`, `category_id`, `language_id`, `title`) VALUES (23, 23, 1, 'VirtueMart');
INSERT INTO `bitsybay`.`category_description` (`category_description_id`, `category_id`, `language_id`, `title`) VALUES (24, 24, 1, 'Other');
INSERT INTO `bitsybay`.`category_description` (`category_description_id`, `category_id`, `language_id`, `title`) VALUES (25, 25, 1, '3D');
INSERT INTO `bitsybay`.`category_description` (`category_description_id`, `category_id`, `language_id`, `title`) VALUES (26, 26, 1, 'Backgrounds');
INSERT INTO `bitsybay`.`category_description` (`category_description_id`, `category_id`, `language_id`, `title`) VALUES (27, 27, 1, 'Illustrations');
INSERT INTO `bitsybay`.`category_description` (`category_description_id`, `category_id`, `language_id`, `title`) VALUES (28, 28, 1, 'Photo Templates');
INSERT INTO `bitsybay`.`category_description` (`category_description_id`, `category_id`, `language_id`, `title`) VALUES (29, 29, 1, 'Web Templates');
INSERT INTO `bitsybay`.`category_description` (`category_description_id`, `category_id`, `language_id`, `title`) VALUES (30, 30, 1, 'Fonts');
INSERT INTO `bitsybay`.`category_description` (`category_description_id`, `category_id`, `language_id`, `title`) VALUES (31, 31, 1, 'Vectors');
INSERT INTO `bitsybay`.`category_description` (`category_description_id`, `category_id`, `language_id`, `title`) VALUES (32, 32, 1, 'Icons');
INSERT INTO `bitsybay`.`category_description` (`category_description_id`, `category_id`, `language_id`, `title`) VALUES (33, 33, 1, 'Banners');
INSERT INTO `bitsybay`.`category_description` (`category_description_id`, `category_id`, `language_id`, `title`) VALUES (34, 34, 1, 'Logos');
INSERT INTO `bitsybay`.`category_description` (`category_description_id`, `category_id`, `language_id`, `title`) VALUES (35, 35, 1, 'Other');
INSERT INTO `bitsybay`.`category_description` (`category_description_id`, `category_id`, `language_id`, `title`) VALUES (36, 36, 1, 'Broadcast Packages');
INSERT INTO `bitsybay`.`category_description` (`category_description_id`, `category_id`, `language_id`, `title`) VALUES (37, 37, 1, 'Element 3D');
INSERT INTO `bitsybay`.`category_description` (`category_description_id`, `category_id`, `language_id`, `title`) VALUES (38, 38, 1, 'Openers');
INSERT INTO `bitsybay`.`category_description` (`category_description_id`, `category_id`, `language_id`, `title`) VALUES (39, 39, 1, 'Promo');
INSERT INTO `bitsybay`.`category_description` (`category_description_id`, `category_id`, `language_id`, `title`) VALUES (40, 40, 1, 'Titles');
INSERT INTO `bitsybay`.`category_description` (`category_description_id`, `category_id`, `language_id`, `title`) VALUES (41, 41, 1, 'Add-ons');
INSERT INTO `bitsybay`.`category_description` (`category_description_id`, `category_id`, `language_id`, `title`) VALUES (42, 42, 1, 'Other');
INSERT INTO `bitsybay`.`category_description` (`category_description_id`, `category_id`, `language_id`, `title`) VALUES (43, 43, 1, 'Music');
INSERT INTO `bitsybay`.`category_description` (`category_description_id`, `category_id`, `language_id`, `title`) VALUES (44, 44, 1, 'Sound Effects');
INSERT INTO `bitsybay`.`category_description` (`category_description_id`, `category_id`, `language_id`, `title`) VALUES (45, 45, 1, 'Source Files');
INSERT INTO `bitsybay`.`category_description` (`category_description_id`, `category_id`, `language_id`, `title`) VALUES (46, 46, 1, 'Logos & Idents');
INSERT INTO `bitsybay`.`category_description` (`category_description_id`, `category_id`, `language_id`, `title`) VALUES (47, 47, 1, 'Other');
INSERT INTO `bitsybay`.`category_description` (`category_description_id`, `category_id`, `language_id`, `title`) VALUES (48, 48, 1, 'Models');
INSERT INTO `bitsybay`.`category_description` (`category_description_id`, `category_id`, `language_id`, `title`) VALUES (49, 49, 1, 'HDRI Images');
INSERT INTO `bitsybay`.`category_description` (`category_description_id`, `category_id`, `language_id`, `title`) VALUES (50, 50, 1, 'CD Textures');
INSERT INTO `bitsybay`.`category_description` (`category_description_id`, `category_id`, `language_id`, `title`) VALUES (51, 51, 1, 'Materials & Shaders');
INSERT INTO `bitsybay`.`category_description` (`category_description_id`, `category_id`, `language_id`, `title`) VALUES (52, 52, 1, 'Base & Meshes');
INSERT INTO `bitsybay`.`category_description` (`category_description_id`, `category_id`, `language_id`, `title`) VALUES (53, 53, 1, 'Scripts & Plugins');
INSERT INTO `bitsybay`.`category_description` (`category_description_id`, `category_id`, `language_id`, `title`) VALUES (54, 54, 1, 'Other');
INSERT INTO `bitsybay`.`category_description` (`category_description_id`, `category_id`, `language_id`, `title`) VALUES (55, 55, 1, 'Unity 3D');
INSERT INTO `bitsybay`.`category_description` (`category_description_id`, `category_id`, `language_id`, `title`) VALUES (56, 56, 1, 'Flash');
INSERT INTO `bitsybay`.`category_description` (`category_description_id`, `category_id`, `language_id`, `title`) VALUES (57, 57, 1, 'Animations');
INSERT INTO `bitsybay`.`category_description` (`category_description_id`, `category_id`, `language_id`, `title`) VALUES (58, 58, 1, 'Games');
INSERT INTO `bitsybay`.`category_description` (`category_description_id`, `category_id`, `language_id`, `title`) VALUES (59, 59, 1, 'Templates');
INSERT INTO `bitsybay`.`category_description` (`category_description_id`, `category_id`, `language_id`, `title`) VALUES (60, 60, 1, 'Players');
INSERT INTO `bitsybay`.`category_description` (`category_description_id`, `category_id`, `language_id`, `title`) VALUES (61, 61, 1, 'Viewers');
INSERT INTO `bitsybay`.`category_description` (`category_description_id`, `category_id`, `language_id`, `title`) VALUES (62, 62, 1, 'Flex');
INSERT INTO `bitsybay`.`category_description` (`category_description_id`, `category_id`, `language_id`, `title`) VALUES (63, 63, 1, 'Other');

COMMIT;


-- -----------------------------------------------------
-- Data for table `bitsybay`.`video_server`
-- -----------------------------------------------------
START TRANSACTION;
USE `bitsybay`;
INSERT INTO `bitsybay`.`video_server` (`video_server_id`, `name`, `website_url`, `iframe_url`) VALUES (DEFAULT, 'YouTube', 'http://www.youtube.com/', 'https://www.youtube.com/embed/');
INSERT INTO `bitsybay`.`video_server` (`video_server_id`, `name`, `website_url`, `iframe_url`) VALUES (DEFAULT, 'Vimeo', 'https://vimeo.com/', 'https://player.vimeo.com/video/');

COMMIT;

